order_id,customer_id,order_date,product_id,product_name,category,quantity,price,discount,region
ORD00001,CUST1077,2023-11-08,P1003,Coffee Mug,Home,5,1100.94,0.15,West
ORD00002,CUST1267,2024-11-05,P1005,Notebook,Stationery,5,1240.12,0.1,South
ORD00003,CUST1062,2023-07-13,P1007,Sneakers,Footwear,4,272.94,0.1,North
ORD00004,CUST1068,2024-10-11,P1010,Sunglasses,Accessories,4,1185.09,0.15,East
ORD00005,CUST1063,2024-06-07,P1002,Jeans,Apparel,1,156.0,0.15,East
ORD00006,CUST1112,2024-04-04,P1004,Wireless Mouse,Electronics,1,311.05,0.05,West
ORD00007,CUST1112,2023-09-16,P1010,Sunglasses,Accessories,1,473.9,0.15,Central
ORD00008,CUST1204,2023-10-21,P1010,Sunglasses,Accessories,2,731.2,0.1,West
ORD00009,CUST1280,2023-06-01,P1001,T-Shirt,Apparel,5,184.01,0.15,North
ORD00010,CUST1055,2024-01-27,P1006,Water Bottle,Home,4,1111.31,0.0,East
ORD00011,CUST1241,2024-08-03,P1005,Notebook,Stationery,3,1227.58,0.1,East
ORD00012,CUST1287,2023-04-04,P1002,Jeans,Apparel,1,1484.0,0.0,West
ORD00013,CUST1134,2024-01-08,P1001,T-Shirt,Apparel,3,241.51,0.05,East
ORD00014,CUST1159,2024-11-19,P1006,Water Bottle,Home,3,204.75,0.15,North
ORD00015,CUST1094,2023-10-18,P1008,Headphones,Electronics,1,327.13,0.1,East
ORD00016,CUST1269,2023-09-13,P1010,Sunglasses,Accessories,2,1101.61,0.2,South
ORD00017,CUST1125,2023-05-17,P1006,Water Bottle,Home,4,291.77,0.0,South
ORD00018,CUST1200,2024-01-07,P1004,Wireless Mouse,Electronics,2,700.32,0.05,Central
ORD00019,CUST1153,2023-02-24,P1002,Jeans,Apparel,1,1248.75,0.2,Central
ORD00020,CUST1272,2024-01-24,P1009,Backpack,Accessories,4,994.63,0.15,East
ORD00021,CUST1131,2024-01-26,P1005,Notebook,Stationery,5,841.01,0.15,West
ORD00022,CUST1297,2024-07-06,P1001,T-Shirt,Apparel,2,1151.12,0.0,West
ORD00023,CUST1020,2024-07-31,P1003,Coffee Mug,Home,2,77.37,0.1,East
ORD00024,CUST1154,2023-05-19,P1005,Notebook,Stationery,5,560.23,0.1,North
ORD00025,CUST1180,2024-07-08,P1008,Headphones,Electronics,3,661.3,0.0,North
ORD00026,CUST1199,2024-06-26,P1003,Coffee Mug,Home,2,1368.9,0.05,South
ORD00027,CUST1263,2023-04-27,P1010,Sunglasses,Accessories,3,337.83,0.1,West
ORD00028,CUST1126,2024-06-14,P1001,T-Shirt,Apparel,2,1376.02,0.15,Central
ORD00029,CUST1147,2023-06-29,P1010,Sunglasses,Accessories,4,190.64,0.05,West
ORD00030,CUST1191,2024-08-26,P1010,Sunglasses,Accessories,3,1485.48,0.15,West
ORD00031,CUST1244,2023-10-30,P1005,Notebook,Stationery,1,625.34,0.2,North
ORD00032,CUST1160,2024-10-12,P1001,T-Shirt,Apparel,1,845.76,0.1,South
ORD00033,CUST1281,2023-03-13,P1006,Water Bottle,Home,4,1247.34,0.1,West
ORD00034,CUST1133,2024-06-20,P1006,Water Bottle,Home,3,793.08,0.2,North
ORD00035,CUST1169,2024-08-13,P1003,Coffee Mug,Home,1,365.13,0.05,Central
ORD00036,CUST1067,2024-04-09,P1002,Jeans,Apparel,5,1397.22,0.1,West
ORD00037,CUST1237,2023-02-05,P1009,Backpack,Accessories,4,848.25,0.1,West
ORD00038,CUST1214,2024-05-25,P1009,Backpack,Accessories,3,1316.25,0.0,North
ORD00039,CUST1232,2024-10-28,P1007,Sneakers,Footwear,1,1398.18,0.05,South
ORD00040,CUST1227,2024-09-08,P1010,Sunglasses,Accessories,4,151.82,0.1,South
ORD00041,CUST1278,2023-07-09,P1009,Backpack,Accessories,1,666.24,0.05,South
ORD00042,CUST1225,2023-03-14,P1001,T-Shirt,Apparel,1,855.56,0.15,West
ORD00043,CUST1187,2024-05-12,P1010,Sunglasses,Accessories,1,1498.17,0.05,East
ORD00044,CUST1021,2024-11-22,P1005,Notebook,Stationery,3,901.79,0.05,South
ORD00045,CUST1275,2024-11-09,P1006,Water Bottle,Home,5,920.31,0.05,North
ORD00046,CUST1258,2024-04-30,P1007,Sneakers,Footwear,2,731.92,0.1,Central
ORD00047,CUST1122,2024-08-16,P1003,Coffee Mug,Home,3,1065.93,0.1,Central
ORD00048,CUST1110,2023-07-30,P1001,T-Shirt,Apparel,3,1281.72,0.0,East
ORD00049,CUST1240,2023-03-07,P1001,T-Shirt,Apparel,2,368.13,0.2,South
ORD00050,CUST1101,2024-06-04,P1010,Sunglasses,Accessories,4,740.66,0.2,West
ORD00051,CUST1214,2024-02-02,P1009,Backpack,Accessories,2,569.89,0.0,South
ORD00052,CUST1008,2023-08-28,P1002,Jeans,Apparel,3,1454.64,0.1,South
ORD00053,CUST1172,2023-11-21,P1003,Coffee Mug,Home,4,1125.01,0.0,East
ORD00054,CUST1104,2023-07-08,P1007,Sneakers,Footwear,2,143.35,0.1,West
ORD00055,CUST1171,2024-03-10,P1004,Wireless Mouse,Electronics,2,141.56,0.15,Central
ORD00056,CUST1064,2024-07-30,P1007,Sneakers,Footwear,4,307.16,0.2,South
ORD00057,CUST1291,2023-08-15,P1002,Jeans,Apparel,2,1288.25,0.0,East
ORD00058,CUST1259,2024-03-23,P1004,Wireless Mouse,Electronics,1,1116.42,0.0,West
ORD00059,CUST1123,2023-11-14,P1003,Coffee Mug,Home,1,413.02,0.2,West
ORD00060,CUST1205,2024-03-24,P1008,Headphones,Electronics,3,1407.0,0.0,South
ORD00061,CUST1026,2024-02-18,P1009,Backpack,Accessories,5,1475.94,0.1,South
ORD00062,CUST1254,2023-09-24,P1007,Sneakers,Footwear,1,847.19,0.15,West
ORD00063,CUST1110,2023-09-29,P1003,Coffee Mug,Home,1,80.9,0.15,West
ORD00064,CUST1091,2023-11-18,P1006,Water Bottle,Home,1,898.13,0.05,West
ORD00065,CUST1117,2024-11-17,P1008,Headphones,Electronics,3,1493.96,0.2,North
ORD00066,CUST1256,2024-02-22,P1004,Wireless Mouse,Electronics,3,384.91,0.0,East
ORD00067,CUST1173,2024-11-09,P1004,Wireless Mouse,Electronics,3,103.57,0.0,Central
ORD00068,CUST1223,2023-01-02,P1010,Sunglasses,Accessories,5,129.51,0.1,East
ORD00069,CUST1052,2024-05-23,P1005,Notebook,Stationery,1,1212.73,0.2,West
ORD00070,CUST1043,2023-12-19,P1005,Notebook,Stationery,5,1164.03,0.0,West
ORD00071,CUST1130,2024-07-30,P1001,T-Shirt,Apparel,2,283.36,0.0,Central
ORD00072,CUST1131,2024-05-04,P1010,Sunglasses,Accessories,1,416.86,0.2,West
ORD00073,CUST1145,2023-11-04,P1007,Sneakers,Footwear,5,695.48,0.15,North
ORD00074,CUST1245,2023-12-10,P1005,Notebook,Stationery,2,301.53,0.1,Central
ORD00075,CUST1002,2024-10-19,P1008,Headphones,Electronics,2,647.3,0.05,North
ORD00076,CUST1154,2024-11-13,P1007,Sneakers,Footwear,5,344.3,0.15,East
ORD00077,CUST1180,2023-02-06,P1002,Jeans,Apparel,3,1312.02,0.0,South
ORD00078,CUST1074,2023-05-19,P1004,Wireless Mouse,Electronics,4,64.87,0.0,West
ORD00079,CUST1069,2024-11-28,P1010,Sunglasses,Accessories,3,891.92,0.2,West
ORD00080,CUST1222,2024-09-28,P1004,Wireless Mouse,Electronics,3,197.79,0.1,Central
ORD00081,CUST1169,2023-01-30,P1010,Sunglasses,Accessories,3,520.31,0.15,Central
ORD00082,CUST1146,2024-04-01,P1003,Coffee Mug,Home,4,1340.83,0.1,North
ORD00083,CUST1276,2024-10-01,P1010,Sunglasses,Accessories,1,1067.84,0.2,Central
ORD00084,CUST1174,2023-09-19,P1009,Backpack,Accessories,3,747.69,0.15,North
ORD00085,CUST1267,2023-07-24,P1004,Wireless Mouse,Electronics,4,807.61,0.1,South
ORD00086,CUST1281,2024-05-11,P1002,Jeans,Apparel,2,195.96,0.05,West
ORD00087,CUST1166,2023-05-23,P1001,T-Shirt,Apparel,1,1073.61,0.1,North
ORD00088,CUST1139,2024-06-09,P1002,Jeans,Apparel,3,973.74,0.0,South
ORD00089,CUST1124,2023-05-11,P1009,Backpack,Accessories,5,1442.08,0.0,Central
ORD00090,CUST1019,2024-08-13,P1003,Coffee Mug,Home,3,966.81,0.1,South
ORD00091,CUST1066,2023-11-29,P1005,Notebook,Stationery,3,346.02,0.1,West
ORD00092,CUST1157,2024-05-03,P1008,Headphones,Electronics,3,281.3,0.15,East
ORD00093,CUST1290,2024-10-16,P1007,Sneakers,Footwear,5,969.33,0.0,North
ORD00094,CUST1161,2024-10-30,P1003,Coffee Mug,Home,3,421.88,0.05,North
ORD00095,CUST1058,2023-08-15,P1009,Backpack,Accessories,5,50.15,0.1,East
ORD00096,CUST1005,2024-11-28,P1003,Coffee Mug,Home,1,729.41,0.15,West
ORD00097,CUST1049,2024-02-11,P1003,Coffee Mug,Home,3,800.96,0.05,East
ORD00098,CUST1268,2023-03-23,P1002,Jeans,Apparel,4,1023.93,0.05,East
ORD00099,CUST1272,2024-10-31,P1009,Backpack,Accessories,4,966.4,0.2,East
ORD00100,CUST1138,2024-08-04,P1008,Headphones,Electronics,4,1450.22,0.2,Central
ORD00101,CUST1276,2024-07-17,P1007,Sneakers,Footwear,5,1235.06,0.05,Central
ORD00102,CUST1173,2024-06-27,P1010,Sunglasses,Accessories,1,615.09,0.1,South
ORD00103,CUST1068,2024-07-16,P1008,Headphones,Electronics,1,859.89,0.2,East
ORD00104,CUST1061,2024-07-27,P1001,T-Shirt,Apparel,4,519.83,0.15,South
ORD00105,CUST1266,2024-04-14,P1008,Headphones,Electronics,1,1329.67,0.15,West
ORD00106,CUST1181,2023-02-10,P1006,Water Bottle,Home,2,209.43,0.15,Central
ORD00107,CUST1071,2024-08-19,P1005,Notebook,Stationery,2,478.8,0.1,North
ORD00108,CUST1136,2024-07-20,P1010,Sunglasses,Accessories,3,230.07,0.2,North
ORD00109,CUST1122,2024-05-16,P1002,Jeans,Apparel,2,1084.19,0.0,West
ORD00110,CUST1232,2024-06-29,P1008,Headphones,Electronics,5,232.65,0.2,West
ORD00111,CUST1210,2023-12-18,P1002,Jeans,Apparel,4,187.51,0.05,East
ORD00112,CUST1245,2024-07-05,P1008,Headphones,Electronics,5,591.25,0.0,South
ORD00113,CUST1236,2023-03-30,P1001,T-Shirt,Apparel,5,885.62,0.15,East
ORD00114,CUST1159,2024-07-17,P1004,Wireless Mouse,Electronics,4,224.44,0.05,West
ORD00115,CUST1039,2023-09-05,P1002,Jeans,Apparel,3,573.27,0.0,Central
ORD00116,CUST1294,2023-07-04,P1008,Headphones,Electronics,4,488.12,0.0,East
ORD00117,CUST1015,2024-08-16,P1007,Sneakers,Footwear,5,668.34,0.0,North
ORD00118,CUST1112,2023-08-15,P1008,Headphones,Electronics,2,168.83,0.0,North
ORD00119,CUST1298,2024-11-19,P1007,Sneakers,Footwear,3,316.83,0.1,West
ORD00120,CUST1042,2024-03-23,P1003,Coffee Mug,Home,4,931.45,0.15,South
ORD00121,CUST1256,2024-05-25,P1007,Sneakers,Footwear,4,82.52,0.2,Central
ORD00122,CUST1021,2024-03-08,P1002,Jeans,Apparel,4,887.77,0.0,West
ORD00123,CUST1026,2023-06-30,P1003,Coffee Mug,Home,5,200.34,0.15,North
ORD00124,CUST1107,2023-08-22,P1001,T-Shirt,Apparel,4,761.98,0.15,East
ORD00125,CUST1157,2024-06-23,P1005,Notebook,Stationery,4,797.97,0.05,Central
ORD00126,CUST1124,2023-09-20,P1009,Backpack,Accessories,4,1082.5,0.2,Central
ORD00127,CUST1173,2024-07-15,P1002,Jeans,Apparel,4,954.46,0.05,Central
ORD00128,CUST1107,2024-04-09,P1006,Water Bottle,Home,5,1142.57,0.15,East
ORD00129,CUST1127,2023-09-08,P1003,Coffee Mug,Home,4,296.01,0.15,East
ORD00130,CUST1192,2023-11-21,P1009,Backpack,Accessories,1,105.05,0.0,West
ORD00131,CUST1170,2024-06-14,P1001,T-Shirt,Apparel,5,1210.39,0.1,South
ORD00132,CUST1066,2023-05-02,P1007,Sneakers,Footwear,5,1338.43,0.15,North
ORD00133,CUST1237,2023-03-08,P1003,Coffee Mug,Home,1,1481.59,0.2,West
ORD00134,CUST1158,2024-01-08,P1001,T-Shirt,Apparel,4,733.78,0.15,Central
ORD00135,CUST1065,2023-03-05,P1005,Notebook,Stationery,3,1295.06,0.15,East
ORD00136,CUST1078,2023-10-18,P1005,Notebook,Stationery,3,137.92,0.1,North
ORD00137,CUST1211,2023-07-08,P1006,Water Bottle,Home,2,1404.64,0.05,North
ORD00138,CUST1027,2024-03-14,P1004,Wireless Mouse,Electronics,2,575.68,0.1,North
ORD00139,CUST1002,2024-11-24,P1001,T-Shirt,Apparel,5,1439.01,0.0,North
ORD00140,CUST1249,2024-02-02,P1009,Backpack,Accessories,1,716.05,0.0,North
ORD00141,CUST1008,2024-04-28,P1003,Coffee Mug,Home,2,332.92,0.05,South
ORD00142,CUST1175,2023-04-08,P1003,Coffee Mug,Home,5,1402.93,0.05,East
ORD00143,CUST1180,2024-11-17,P1009,Backpack,Accessories,2,904.04,0.1,West
ORD00144,CUST1285,2023-12-14,P1003,Coffee Mug,Home,4,603.7,0.05,Central
ORD00145,CUST1246,2024-04-21,P1008,Headphones,Electronics,1,1032.3,0.15,West
ORD00146,CUST1111,2023-09-22,P1001,T-Shirt,Apparel,1,1029.81,0.15,Central
ORD00147,CUST1114,2023-08-26,P1010,Sunglasses,Accessories,3,1093.91,0.2,East
ORD00148,CUST1077,2024-11-13,P1010,Sunglasses,Accessories,3,995.47,0.15,North
ORD00149,CUST1190,2023-01-09,P1008,Headphones,Electronics,3,1218.07,0.2,East
ORD00150,CUST1296,2024-05-29,P1002,Jeans,Apparel,4,163.14,0.15,West
ORD00151,CUST1094,2023-09-08,P1007,Sneakers,Footwear,1,819.11,0.05,West
ORD00152,CUST1026,2023-10-02,P1010,Sunglasses,Accessories,4,307.59,0.1,South
ORD00153,CUST1119,2024-07-01,P1008,Headphones,Electronics,1,1241.84,0.05,West
ORD00154,CUST1129,2024-07-12,P1005,Notebook,Stationery,5,1492.6,0.0,South
ORD00155,CUST1084,2023-04-09,P1008,Headphones,Electronics,4,92.29,0.2,North
ORD00156,CUST1093,2024-05-04,P1004,Wireless Mouse,Electronics,2,1176.73,0.05,East
ORD00157,CUST1265,2023-11-08,P1003,Coffee Mug,Home,5,680.78,0.0,South
ORD00158,CUST1164,2024-02-08,P1007,Sneakers,Footwear,1,660.99,0.15,West
ORD00159,CUST1050,2023-02-10,P1010,Sunglasses,Accessories,4,1478.45,0.0,East
ORD00160,CUST1013,2023-12-01,P1009,Backpack,Accessories,3,151.93,0.2,North
ORD00161,CUST1130,2024-01-03,P1005,Notebook,Stationery,4,1264.22,0.1,East
ORD00162,CUST1079,2023-04-16,P1009,Backpack,Accessories,5,458.14,0.1,East
ORD00163,CUST1139,2024-06-05,P1008,Headphones,Electronics,3,1016.99,0.05,Central
ORD00164,CUST1283,2024-08-22,P1010,Sunglasses,Accessories,1,416.14,0.1,West
ORD00165,CUST1114,2024-08-30,P1010,Sunglasses,Accessories,2,1318.97,0.05,East
ORD00166,CUST1029,2024-04-08,P1003,Coffee Mug,Home,1,114.61,0.05,North
ORD00167,CUST1058,2023-01-22,P1010,Sunglasses,Accessories,2,608.72,0.1,North
ORD00168,CUST1291,2024-08-01,P1005,Notebook,Stationery,2,356.03,0.15,Central
ORD00169,CUST1273,2024-11-16,P1007,Sneakers,Footwear,3,443.16,0.15,North
ORD00170,CUST1135,2024-08-07,P1009,Backpack,Accessories,2,206.89,0.05,Central
ORD00171,CUST1165,2023-10-05,P1007,Sneakers,Footwear,4,210.71,0.0,Central
ORD00172,CUST1055,2023-03-28,P1008,Headphones,Electronics,2,1332.39,0.05,West
ORD00173,CUST1222,2023-08-17,P1004,Wireless Mouse,Electronics,2,1106.22,0.1,North
ORD00174,CUST1075,2024-02-08,P1004,Wireless Mouse,Electronics,4,1430.75,0.2,South
ORD00175,CUST1193,2024-07-08,P1002,Jeans,Apparel,2,145.31,0.15,East
ORD00176,CUST1111,2024-02-23,P1008,Headphones,Electronics,4,656.58,0.1,West
ORD00177,CUST1160,2023-04-08,P1010,Sunglasses,Accessories,5,1351.99,0.0,South
ORD00178,CUST1046,2023-08-16,P1006,Water Bottle,Home,2,1447.06,0.2,South
ORD00179,CUST1254,2023-06-26,P1005,Notebook,Stationery,3,598.17,0.1,North
ORD00180,CUST1190,2023-05-17,P1002,Jeans,Apparel,1,1135.35,0.2,West
ORD00181,CUST1150,2024-03-22,P1010,Sunglasses,Accessories,3,342.82,0.1,Central
ORD00182,CUST1274,2024-04-19,P1010,Sunglasses,Accessories,2,1411.41,0.05,North
ORD00183,CUST1203,2024-05-01,P1010,Sunglasses,Accessories,4,1198.52,0.05,South
ORD00184,CUST1112,2024-06-11,P1007,Sneakers,Footwear,5,435.66,0.1,Central
ORD00185,CUST1042,2023-11-11,P1003,Coffee Mug,Home,4,587.43,0.05,Central
ORD00186,CUST1036,2023-11-13,P1001,T-Shirt,Apparel,3,420.6,0.2,West
ORD00187,CUST1193,2024-05-28,P1002,Jeans,Apparel,4,185.35,0.05,East
ORD00188,CUST1075,2023-06-15,P1005,Notebook,Stationery,5,91.92,0.0,Central
ORD00189,CUST1125,2024-08-15,P1006,Water Bottle,Home,1,1418.48,0.15,Central
ORD00190,CUST1056,2024-01-04,P1001,T-Shirt,Apparel,4,175.89,0.0,North
ORD00191,CUST1048,2023-01-05,P1003,Coffee Mug,Home,3,342.07,0.05,South
ORD00192,CUST1189,2024-08-12,P1007,Sneakers,Footwear,2,64.14,0.15,South
ORD00193,CUST1076,2023-09-23,P1008,Headphones,Electronics,1,760.62,0.05,West
ORD00194,CUST1117,2024-01-10,P1003,Coffee Mug,Home,2,533.06,0.2,South
ORD00195,CUST1130,2024-11-05,P1001,T-Shirt,Apparel,3,747.31,0.0,East
ORD00196,CUST1223,2023-09-26,P1008,Headphones,Electronics,3,748.66,0.0,North
ORD00197,CUST1032,2023-04-20,P1002,Jeans,Apparel,4,88.39,0.1,Central
ORD00198,CUST1260,2024-01-02,P1009,Backpack,Accessories,4,559.96,0.15,West
ORD00199,CUST1080,2024-05-05,P1006,Water Bottle,Home,1,1261.88,0.0,South
ORD00200,CUST1170,2024-09-24,P1001,T-Shirt,Apparel,4,728.11,0.0,East
ORD00201,CUST1002,2024-02-05,P1001,T-Shirt,Apparel,5,974.26,0.05,North
ORD00202,CUST1271,2024-07-21,P1005,Notebook,Stationery,1,719.77,0.15,North
ORD00203,CUST1287,2023-12-28,P1007,Sneakers,Footwear,5,1366.92,0.0,Central
ORD00204,CUST1209,2024-05-04,P1008,Headphones,Electronics,4,1118.93,0.2,East
ORD00205,CUST1274,2024-03-08,P1001,T-Shirt,Apparel,1,433.71,0.2,West
ORD00206,CUST1235,2024-04-27,P1010,Sunglasses,Accessories,4,264.02,0.05,East
ORD00207,CUST1019,2024-02-27,P1007,Sneakers,Footwear,5,899.89,0.05,North
ORD00208,CUST1184,2024-09-16,P1006,Water Bottle,Home,2,590.78,0.0,West
ORD00209,CUST1255,2023-04-14,P1002,Jeans,Apparel,3,661.52,0.0,North
ORD00210,CUST1080,2023-10-16,P1008,Headphones,Electronics,2,1029.91,0.0,East
ORD00211,CUST1262,2023-10-12,P1002,Jeans,Apparel,1,1018.39,0.05,East
ORD00212,CUST1096,2024-11-03,P1004,Wireless Mouse,Electronics,2,76.19,0.15,West
ORD00213,CUST1017,2023-02-09,P1009,Backpack,Accessories,2,1000.11,0.2,South
ORD00214,CUST1041,2023-02-20,P1006,Water Bottle,Home,4,986.18,0.0,East
ORD00215,CUST1054,2024-08-25,P1009,Backpack,Accessories,3,858.19,0.05,East
ORD00216,CUST1279,2024-10-08,P1009,Backpack,Accessories,3,767.62,0.1,East
ORD00217,CUST1202,2024-11-03,P1010,Sunglasses,Accessories,1,1009.97,0.2,West
ORD00218,CUST1053,2024-09-02,P1008,Headphones,Electronics,5,1339.26,0.1,Central
ORD00219,CUST1029,2024-10-10,P1004,Wireless Mouse,Electronics,3,199.6,0.15,East
ORD00220,CUST1114,2024-06-24,P1005,Notebook,Stationery,1,1346.42,0.0,Central
ORD00221,CUST1021,2023-09-13,P1002,Jeans,Apparel,1,221.0,0.15,North
ORD00222,CUST1156,2024-03-21,P1003,Coffee Mug,Home,4,430.33,0.1,South
ORD00223,CUST1036,2024-07-03,P1006,Water Bottle,Home,5,823.51,0.15,Central
ORD00224,CUST1061,2024-05-22,P1006,Water Bottle,Home,1,1265.24,0.05,Central
ORD00225,CUST1298,2023-01-25,P1004,Wireless Mouse,Electronics,2,1181.63,0.15,Central
ORD00226,CUST1286,2024-11-23,P1009,Backpack,Accessories,1,962.1,0.0,West
ORD00227,CUST1085,2024-10-10,P1003,Coffee Mug,Home,1,272.58,0.1,East
ORD00228,CUST1274,2023-01-25,P1007,Sneakers,Footwear,2,147.77,0.1,East
ORD00229,CUST1197,2023-06-03,P1005,Notebook,Stationery,3,1025.93,0.0,South
ORD00230,CUST1043,2023-10-24,P1009,Backpack,Accessories,5,393.41,0.1,South
ORD00231,CUST1041,2023-07-21,P1003,Coffee Mug,Home,5,1412.85,0.0,East
ORD00232,CUST1279,2024-01-08,P1006,Water Bottle,Home,1,1218.19,0.2,North
ORD00233,CUST1013,2024-06-11,P1006,Water Bottle,Home,1,615.83,0.15,Central
ORD00234,CUST1053,2024-02-07,P1003,Coffee Mug,Home,5,1383.23,0.15,Central
ORD00235,CUST1010,2023-03-16,P1007,Sneakers,Footwear,1,781.75,0.2,North
ORD00236,CUST1110,2024-11-27,P1006,Water Bottle,Home,2,906.68,0.1,South
ORD00237,CUST1061,2023-04-26,P1010,Sunglasses,Accessories,3,888.85,0.2,Central
ORD00238,CUST1264,2023-07-29,P1010,Sunglasses,Accessories,5,947.92,0.1,East
ORD00239,CUST1221,2024-03-06,P1003,Coffee Mug,Home,4,1012.2,0.2,South
ORD00240,CUST1168,2024-04-06,P1002,Jeans,Apparel,1,496.36,0.0,East
ORD00241,CUST1177,2023-09-16,P1003,Coffee Mug,Home,2,319.8,0.0,East
ORD00242,CUST1273,2024-05-24,P1006,Water Bottle,Home,2,441.53,0.05,South
ORD00243,CUST1063,2024-06-17,P1009,Backpack,Accessories,3,755.43,0.2,North
ORD00244,CUST1036,2023-12-12,P1007,Sneakers,Footwear,3,516.86,0.2,Central
ORD00245,CUST1098,2024-10-23,P1006,Water Bottle,Home,1,1086.97,0.0,North
ORD00246,CUST1138,2024-06-13,P1009,Backpack,Accessories,5,1112.3,0.05,North
ORD00247,CUST1122,2024-02-27,P1001,T-Shirt,Apparel,5,451.68,0.05,South
ORD00248,CUST1163,2024-02-09,P1008,Headphones,Electronics,3,210.42,0.0,Central
ORD00249,CUST1087,2023-01-10,P1007,Sneakers,Footwear,1,1034.94,0.2,East
ORD00250,CUST1066,2024-05-10,P1002,Jeans,Apparel,4,1267.2,0.2,Central
ORD00251,CUST1283,2024-05-29,P1005,Notebook,Stationery,1,1035.56,0.0,East
ORD00252,CUST1092,2024-07-31,P1009,Backpack,Accessories,3,670.84,0.2,Central
ORD00253,CUST1211,2024-10-13,P1009,Backpack,Accessories,4,315.6,0.0,South
ORD00254,CUST1036,2023-03-01,P1010,Sunglasses,Accessories,4,667.73,0.2,West
ORD00255,CUST1118,2023-01-25,P1008,Headphones,Electronics,5,1183.74,0.15,South
ORD00256,CUST1059,2023-05-28,P1006,Water Bottle,Home,1,378.78,0.0,North
ORD00257,CUST1050,2023-08-07,P1009,Backpack,Accessories,4,721.94,0.1,North
ORD00258,CUST1266,2024-04-05,P1002,Jeans,Apparel,2,1302.09,0.15,Central
ORD00259,CUST1097,2024-07-20,P1003,Coffee Mug,Home,5,612.15,0.15,South
ORD00260,CUST1114,2023-10-16,P1005,Notebook,Stationery,1,555.62,0.05,Central
ORD00261,CUST1058,2024-06-28,P1009,Backpack,Accessories,3,1336.07,0.15,West
ORD00262,CUST1267,2023-10-29,P1001,T-Shirt,Apparel,2,704.41,0.0,North
ORD00263,CUST1105,2023-10-06,P1004,Wireless Mouse,Electronics,2,1036.39,0.1,East
ORD00264,CUST1224,2023-08-30,P1010,Sunglasses,Accessories,2,516.84,0.05,South
ORD00265,CUST1060,2024-07-01,P1010,Sunglasses,Accessories,1,1341.41,0.05,South
ORD00266,CUST1240,2024-03-29,P1009,Backpack,Accessories,3,404.53,0.1,East
ORD00267,CUST1281,2024-05-29,P1001,T-Shirt,Apparel,4,962.87,0.15,West
ORD00268,CUST1140,2024-11-17,P1010,Sunglasses,Accessories,5,674.18,0.1,East
ORD00269,CUST1278,2023-12-30,P1006,Water Bottle,Home,5,765.43,0.05,Central
ORD00270,CUST1195,2024-07-29,P1005,Notebook,Stationery,4,818.9,0.1,East
ORD00271,CUST1039,2024-07-17,P1006,Water Bottle,Home,5,859.76,0.05,Central
ORD00272,CUST1190,2023-11-29,P1006,Water Bottle,Home,4,1402.07,0.2,West
ORD00273,CUST1174,2023-03-16,P1010,Sunglasses,Accessories,1,1033.97,0.2,South
ORD00274,CUST1084,2023-03-05,P1009,Backpack,Accessories,5,1102.73,0.1,Central
ORD00275,CUST1061,2024-03-11,P1004,Wireless Mouse,Electronics,4,1237.14,0.05,Central
ORD00276,CUST1181,2024-04-21,P1003,Coffee Mug,Home,2,483.35,0.15,West
ORD00277,CUST1067,2023-05-31,P1010,Sunglasses,Accessories,1,233.0,0.05,West
ORD00278,CUST1026,2023-01-31,P1001,T-Shirt,Apparel,1,632.29,0.2,North
ORD00279,CUST1286,2023-09-24,P1002,Jeans,Apparel,2,913.39,0.2,Central
ORD00280,CUST1106,2023-02-11,P1004,Wireless Mouse,Electronics,5,948.0,0.0,Central
ORD00281,CUST1227,2023-03-24,P1009,Backpack,Accessories,2,741.48,0.2,East
ORD00282,CUST1055,2023-03-24,P1007,Sneakers,Footwear,5,410.18,0.05,South
ORD00283,CUST1163,2024-06-24,P1009,Backpack,Accessories,5,248.77,0.0,Central
ORD00284,CUST1295,2023-10-02,P1010,Sunglasses,Accessories,1,1231.55,0.2,South
ORD00285,CUST1026,2023-03-27,P1006,Water Bottle,Home,2,677.98,0.2,North
ORD00286,CUST1280,2024-06-17,P1008,Headphones,Electronics,4,562.87,0.2,West
ORD00287,CUST1048,2023-03-18,P1007,Sneakers,Footwear,3,1145.15,0.1,North
ORD00288,CUST1136,2023-08-12,P1005,Notebook,Stationery,5,921.6,0.15,Central
ORD00289,CUST1291,2023-06-25,P1008,Headphones,Electronics,2,225.41,0.1,West
ORD00290,CUST1140,2024-09-14,P1001,T-Shirt,Apparel,4,1487.72,0.2,West
ORD00291,CUST1251,2023-06-09,P1009,Backpack,Accessories,4,151.32,0.15,North
ORD00292,CUST1107,2024-11-05,P1006,Water Bottle,Home,4,1140.1,0.05,West
ORD00293,CUST1204,2024-06-03,P1003,Coffee Mug,Home,5,874.15,0.15,South
ORD00294,CUST1051,2023-05-08,P1008,Headphones,Electronics,3,1429.04,0.05,North
ORD00295,CUST1033,2024-07-28,P1003,Coffee Mug,Home,4,132.22,0.2,West
ORD00296,CUST1185,2023-09-16,P1009,Backpack,Accessories,5,652.64,0.05,Central
ORD00297,CUST1156,2023-09-22,P1001,T-Shirt,Apparel,1,527.8,0.1,West
ORD00298,CUST1294,2024-08-01,P1008,Headphones,Electronics,5,423.33,0.05,East
ORD00299,CUST1050,2023-04-09,P1004,Wireless Mouse,Electronics,4,795.12,0.0,Central
ORD00300,CUST1157,2023-08-02,P1003,Coffee Mug,Home,3,1383.14,0.05,North
ORD00301,CUST1058,2024-06-06,P1003,Coffee Mug,Home,3,231.81,0.15,Central
ORD00302,CUST1116,2023-07-24,P1001,T-Shirt,Apparel,3,77.73,0.1,North
ORD00303,CUST1238,2024-05-14,P1009,Backpack,Accessories,1,749.26,0.0,Central
ORD00304,CUST1147,2023-07-05,P1008,Headphones,Electronics,1,1214.39,0.05,East
ORD00305,CUST1088,2023-01-14,P1009,Backpack,Accessories,2,482.93,0.2,West
ORD00306,CUST1297,2023-04-28,P1009,Backpack,Accessories,1,750.15,0.2,Central
ORD00307,CUST1081,2023-11-25,P1002,Jeans,Apparel,1,885.85,0.05,East
ORD00308,CUST1237,2023-03-23,P1008,Headphones,Electronics,2,436.4,0.15,Central
ORD00309,CUST1139,2023-11-14,P1004,Wireless Mouse,Electronics,2,1388.65,0.1,West
ORD00310,CUST1290,2024-03-24,P1003,Coffee Mug,Home,1,340.78,0.05,East
ORD00311,CUST1217,2024-04-16,P1010,Sunglasses,Accessories,1,140.96,0.1,South
ORD00312,CUST1276,2023-01-03,P1007,Sneakers,Footwear,4,483.86,0.05,North
ORD00313,CUST1051,2023-02-16,P1009,Backpack,Accessories,4,1207.52,0.1,West
ORD00314,CUST1139,2023-04-17,P1010,Sunglasses,Accessories,5,329.18,0.0,North
ORD00315,CUST1251,2023-08-29,P1001,T-Shirt,Apparel,1,145.96,0.05,North
ORD00316,CUST1027,2024-10-08,P1007,Sneakers,Footwear,1,735.94,0.15,West
ORD00317,CUST1281,2024-09-29,P1009,Backpack,Accessories,3,1140.42,0.2,East
ORD00318,CUST1117,2024-08-16,P1004,Wireless Mouse,Electronics,3,1074.51,0.2,East
ORD00319,CUST1070,2024-10-22,P1002,Jeans,Apparel,5,325.14,0.2,West
ORD00320,CUST1133,2024-02-26,P1004,Wireless Mouse,Electronics,1,1383.96,0.0,West
ORD00321,CUST1028,2023-05-12,P1004,Wireless Mouse,Electronics,5,1468.37,0.0,West
ORD00322,CUST1201,2023-10-04,P1003,Coffee Mug,Home,3,104.72,0.2,Central
ORD00323,CUST1036,2024-11-30,P1010,Sunglasses,Accessories,4,490.95,0.1,West
ORD00324,CUST1137,2024-09-24,P1004,Wireless Mouse,Electronics,4,854.15,0.1,West
ORD00325,CUST1135,2023-12-24,P1005,Notebook,Stationery,3,1066.68,0.1,East
ORD00326,CUST1099,2023-10-13,P1001,T-Shirt,Apparel,3,394.4,0.1,Central
ORD00327,CUST1262,2023-03-30,P1004,Wireless Mouse,Electronics,2,364.11,0.1,East
ORD00328,CUST1023,2024-10-03,P1002,Jeans,Apparel,1,68.25,0.05,West
ORD00329,CUST1206,2024-03-26,P1003,Coffee Mug,Home,1,840.54,0.1,East
ORD00330,CUST1123,2023-03-28,P1001,T-Shirt,Apparel,3,407.87,0.05,West
ORD00331,CUST1197,2024-07-17,P1001,T-Shirt,Apparel,5,171.91,0.0,South
ORD00332,CUST1011,2024-11-16,P1004,Wireless Mouse,Electronics,3,899.44,0.15,North
ORD00333,CUST1063,2023-11-15,P1009,Backpack,Accessories,4,1019.44,0.0,East
ORD00334,CUST1053,2023-03-22,P1001,T-Shirt,Apparel,5,631.61,0.1,South
ORD00335,CUST1096,2024-07-13,P1007,Sneakers,Footwear,5,1124.85,0.1,South
ORD00336,CUST1195,2023-01-19,P1003,Coffee Mug,Home,2,340.0,0.1,Central
ORD00337,CUST1014,2023-11-11,P1003,Coffee Mug,Home,1,1395.61,0.15,South
ORD00338,CUST1222,2023-10-07,P1010,Sunglasses,Accessories,5,372.6,0.1,West
ORD00339,CUST1260,2023-08-21,P1008,Headphones,Electronics,1,1321.96,0.05,North
ORD00340,CUST1206,2023-01-31,P1001,T-Shirt,Apparel,4,1069.24,0.2,East
ORD00341,CUST1197,2024-09-25,P1001,T-Shirt,Apparel,3,295.09,0.1,North
ORD00342,CUST1208,2023-01-26,P1010,Sunglasses,Accessories,2,314.29,0.15,Central
ORD00343,CUST1262,2024-05-17,P1009,Backpack,Accessories,2,757.47,0.2,Central
ORD00344,CUST1092,2023-06-01,P1005,Notebook,Stationery,2,1198.58,0.15,East
ORD00345,CUST1219,2024-11-06,P1010,Sunglasses,Accessories,5,580.01,0.2,East
ORD00346,CUST1060,2023-07-06,P1002,Jeans,Apparel,3,1297.93,0.05,South
ORD00347,CUST1263,2024-04-09,P1004,Wireless Mouse,Electronics,2,197.66,0.15,South
ORD00348,CUST1123,2023-11-26,P1004,Wireless Mouse,Electronics,4,324.25,0.1,North
ORD00349,CUST1069,2023-01-05,P1003,Coffee Mug,Home,1,1046.12,0.15,Central
ORD00350,CUST1202,2024-01-11,P1008,Headphones,Electronics,4,548.83,0.2,East
ORD00351,CUST1072,2024-06-09,P1006,Water Bottle,Home,2,743.65,0.15,Central
ORD00352,CUST1285,2024-07-11,P1004,Wireless Mouse,Electronics,1,380.38,0.2,East
ORD00353,CUST1224,2024-08-28,P1005,Notebook,Stationery,1,1132.11,0.1,South
ORD00354,CUST1141,2024-01-23,P1004,Wireless Mouse,Electronics,3,716.23,0.0,West
ORD00355,CUST1052,2023-12-27,P1007,Sneakers,Footwear,2,130.35,0.15,North
ORD00356,CUST1194,2023-03-26,P1006,Water Bottle,Home,2,211.58,0.2,West
ORD00357,CUST1174,2024-07-14,P1004,Wireless Mouse,Electronics,3,1149.84,0.1,West
ORD00358,CUST1202,2023-09-10,P1005,Notebook,Stationery,4,1019.6,0.2,Central
ORD00359,CUST1028,2023-04-22,P1008,Headphones,Electronics,1,966.86,0.2,West
ORD00360,CUST1181,2023-03-06,P1008,Headphones,Electronics,2,846.49,0.15,South
ORD00361,CUST1250,2024-08-17,P1002,Jeans,Apparel,2,1341.88,0.2,Central
ORD00362,CUST1190,2023-12-09,P1004,Wireless Mouse,Electronics,3,988.62,0.05,South
ORD00363,CUST1162,2023-05-26,P1009,Backpack,Accessories,4,1143.91,0.15,South
ORD00364,CUST1142,2023-02-02,P1004,Wireless Mouse,Electronics,1,722.76,0.2,Central
ORD00365,CUST1195,2024-07-30,P1004,Wireless Mouse,Electronics,4,362.09,0.05,East
ORD00366,CUST1254,2024-02-05,P1001,T-Shirt,Apparel,4,996.47,0.0,North
ORD00367,CUST1119,2023-09-18,P1003,Coffee Mug,Home,2,1240.94,0.0,Central
ORD00368,CUST1259,2023-10-11,P1007,Sneakers,Footwear,3,691.98,0.2,South
ORD00369,CUST1045,2023-02-22,P1006,Water Bottle,Home,3,1036.14,0.05,Central
ORD00370,CUST1166,2023-11-07,P1008,Headphones,Electronics,5,416.97,0.1,Central
ORD00371,CUST1130,2024-01-18,P1004,Wireless Mouse,Electronics,5,1255.1,0.15,South
ORD00372,CUST1121,2023-04-11,P1009,Backpack,Accessories,3,984.15,0.1,South
ORD00373,CUST1046,2023-01-06,P1004,Wireless Mouse,Electronics,4,1340.72,0.0,Central
ORD00374,CUST1049,2024-01-23,P1005,Notebook,Stationery,4,749.72,0.2,South
ORD00375,CUST1268,2023-01-25,P1008,Headphones,Electronics,4,262.04,0.0,South
ORD00376,CUST1258,2023-04-01,P1004,Wireless Mouse,Electronics,2,56.58,0.0,South
ORD00377,CUST1137,2024-02-18,P1001,T-Shirt,Apparel,1,1336.89,0.15,West
ORD00378,CUST1018,2023-03-16,P1006,Water Bottle,Home,5,528.62,0.15,West
ORD00379,CUST1177,2024-03-19,P1007,Sneakers,Footwear,4,1030.73,0.1,North
ORD00380,CUST1257,2024-02-19,P1009,Backpack,Accessories,4,1093.41,0.1,West
ORD00381,CUST1092,2023-11-20,P1004,Wireless Mouse,Electronics,2,779.39,0.15,South
ORD00382,CUST1200,2024-02-17,P1006,Water Bottle,Home,4,1432.53,0.1,East
ORD00383,CUST1162,2024-05-20,P1005,Notebook,Stationery,1,1256.43,0.05,South
ORD00384,CUST1167,2024-04-24,P1005,Notebook,Stationery,5,140.58,0.0,East
ORD00385,CUST1259,2024-08-11,P1008,Headphones,Electronics,5,410.18,0.2,Central
ORD00386,CUST1196,2024-07-25,P1002,Jeans,Apparel,3,182.91,0.15,East
ORD00387,CUST1205,2023-06-24,P1004,Wireless Mouse,Electronics,1,134.48,0.1,North
ORD00388,CUST1135,2023-05-03,P1001,T-Shirt,Apparel,1,436.86,0.1,North
ORD00389,CUST1030,2024-02-20,P1007,Sneakers,Footwear,4,1202.2,0.1,North
ORD00390,CUST1243,2024-07-21,P1010,Sunglasses,Accessories,5,759.8,0.0,North
ORD00391,CUST1214,2024-06-18,P1008,Headphones,Electronics,1,924.59,0.15,Central
ORD00392,CUST1210,2024-07-04,P1001,T-Shirt,Apparel,2,784.51,0.1,South
ORD00393,CUST1299,2023-05-03,P1001,T-Shirt,Apparel,5,965.18,0.1,South
ORD00394,CUST1298,2023-12-28,P1004,Wireless Mouse,Electronics,5,194.03,0.1,Central
ORD00395,CUST1187,2023-03-15,P1008,Headphones,Electronics,5,1199.03,0.15,South
ORD00396,CUST1077,2023-04-14,P1003,Coffee Mug,Home,2,1303.2,0.05,South
ORD00397,CUST1259,2024-01-09,P1008,Headphones,Electronics,1,1107.87,0.1,East
ORD00398,CUST1126,2023-05-15,P1006,Water Bottle,Home,4,880.69,0.05,West
ORD00399,CUST1042,2023-02-21,P1004,Wireless Mouse,Electronics,5,1083.1,0.15,East
ORD00400,CUST1054,2023-04-05,P1009,Backpack,Accessories,2,1194.15,0.2,East
